A_values,Alpha
0.0016488943477605655,2
0.0016488943477605655,4
0.0016488943477605655,6
0.0016488943477605655,8
